Time (Months),Probability
0.04201680672268908,
0.12605042016806722,
0.21008403361344538,
0.29411764705882354,
0.3781512605042017,
0.46218487394957986,
0.546218487394958,
0.6302521008403361,
0.7142857142857144,
0.7983193277310925,
0.8823529411764707,
0.9663865546218487,
1.050420168067227,
1.134453781512605,
1.2184873949579833,
1.3025210084033616,
1.3865546218487395,
1.4705882352941178,
1.554621848739496,
1.6386554621848741,
1.7226890756302522,
1.8067226890756305,
1.8907563025210086,
1.9747899159663866,
2.0588235294117645,
2.1428571428571432,
2.226890756302521,
2.3109243697478994,
2.3949579831932777,
2.4789915966386555,
2.563025210084034,
2.647058823529412,
2.73109243697479,
2.8151260504201683,
2.8991596638655466,
2.9831932773109244,
3.0672268907563027,
3.151260504201681,
3.235294117647059,
3.3193277310924376,
3.4033613445378155,
3.4873949579831933,
3.571428571428572,
3.65546218487395,
3.7394957983193278,
3.8235294117647065,
3.9075630252100844,
3.991596638655462,
4.07563025210084,
4.159663865546219,
4.2436974789915975,
4.327731092436975,
4.411764705882353,
4.495798319327731,
4.57983193277311,
4.663865546218488,
4.747899159663866,
4.831932773109244,
4.915966386554622,
5.0,
5.084033613445379,
5.168067226890757,
5.252100840336135,
5.336134453781513,
5.420168067226891,
5.504201680672269,
5.588235294117648,
5.6722689075630255,
5.756302521008404,
5.840336134453782,
5.92436974789916,
6.008403361344538,
6.0924369747899165,
6.176470588235294,
6.260504201680673,
6.344537815126051,
6.428571428571429,
6.512605042016807,
6.596638655462185,
6.680672268907564,
6.764705882352942,
6.84873949579832,
6.932773109243698,
7.0168067226890765,
7.100840336134454,
7.184873949579833,
7.268907563025211,
7.352941176470589,
7.436974789915967,
7.521008403361345,
7.605042016806723,
7.689075630252102,
7.77310924369748,
7.857142857142858,
7.9411764705882355,
8.025210084033613,
8.109243697478991,
8.19327731092437,
8.277310924369749,
8.361344537815127,
8.445378151260504,
8.529411764705884,
8.613445378151262,
8.69747899159664,
8.781512605042018,
8.865546218487395,
8.949579831932773,
9.033613445378151,
9.11764705882353,
9.201680672268909,
9.285714285714286,
9.369747899159664,
9.453781512605042,
9.537815126050422,
9.6218487394958,
9.705882352941178,
9.789915966386555,
9.873949579831933,
9.957983193277311,
