Time (Months),Probability
1,0.010638533195802505
4,0.009118082570740434
7,0.006335986770924927
10,0.002508077475074196
13,0.008570501612120215
16,0.04085594021516817
19,0.003835037089692979
22,0.05665525549528804
25,0.015324051184918492
28,0.1543426688454237
31,0.013498153891040714
34,0.0006713986454353324
37,0.0
40,0.0010680144196737826
43,0.00028571533672947967
46,0.009625916585300424
49,0.0
52,0.0
55,0.0
