Time (Months),Probability
1,0.017498823373985846
4,0.03646384475031795
7,0.020520542337674957
10,0.024567947454167353
13,0.03565808953471914
16,0.032245203562085864
19,0.015619414548875775
22,0.017830554961938607
25,0.030387928201752637
28,0.010707023009273405
31,0.027037305042817098
34,0.008564037184332645
37,0.021337254831264158
40,0.007549034143407017
43,0.009802417562443046
46,0.008228521876736833
49,0.002451418673037107
52,0.003922269876859379
55,0.002941702407644545
