Time (Months),Probability
1,0.03925677951070885
4,0.0472270685316778
7,0.04505964662353056
10,0.035797042235965
13,0.03736563255444375
16,0.03359333301075498
19,0.0225354760628688
22,0.016605494981825997
25,0.014730986523682252
28,0.014762349191651548
31,0.011149855148033065
34,0.006823425440883111
37,0.005338750284802488
40,0.00010765756472548339
43,0.0007998432131561898
46,0.002179992454623442
49,0.0
52,0.0
55,0.0
