Time (Months),Probability
1,0.030753265700927606
4,0.03483224027313476
7,0.03539871497420014
10,0.034035188991594696
13,0.03100860965308436
16,0.02950147333452914
19,0.02325873715242234
22,0.021054285920846735
25,0.019609631224748097
28,0.016684130073499004
31,0.01646377825731496
34,0.012117897484791472
37,0.009913584501510867
40,0.006367575826440774
43,0.005607825880905468
46,0.0031531192744454054
49,0.0014486739625025394
52,0.0009650604052243039
55,0.001159540441210651
