Time (Months),Probability
1,0.0
4,0.13461231063776782
7,0.0
10,0.0
13,0.03577367543901991
16,0.0
19,0.12278212826592577
22,0.0
25,0.013170677575957329
28,0.0
31,0.0
34,0.0
37,0.026994541414662513
40,0.0
43,0.0
46,0.0
49,0.0
52,0.0
55,0.0
