Time (Months),Probability
1,0.03375879044906832
4,0.03386238424460716
7,0.03655130362694035
10,0.03564197814811927
13,0.030229982351712602
16,0.03150320801853348
19,0.023892909501777266
22,0.02054122099793145
25,0.025042497767195998
28,0.015561079265601763
31,0.011399973407592065
34,0.012880254760572637
37,0.00921135163549871
40,0.005456717709553424
43,0.0031388305185765415
46,0.002003082224470007
49,0.0016627757313489215
52,0.0009949929742333423
55,0.0
