Time (Months),Probability
1,0.03128779588250685
4,0.033013927080135674
7,0.033319293171180174
10,0.032793444283343
13,0.03133062419820865
16,0.029214259377404024
19,0.026726952053007277
22,0.023738737202713116
25,0.02065178226827383
28,0.017483050580967097
31,0.014332938073561017
34,0.011485496147788706
37,0.009049214892566881
40,0.006255868808257945
43,0.004759130616641798
46,0.0032015459405031984
49,0.0013831168310187714
52,0.0022553868994972972
55,0.0010507690257579915
