Time (Months),Probability
1,0.04494385801537023
4,0.05425372691832192
7,0.02580133073537809
10,0.019652185075767645
13,0.028094583000352363
16,0.0165494395144408
19,0.04289369558373539
22,0.013173360047897978
25,0.03187961396642969
28,0.013641656520323587
31,0.014487879426036406
34,0.004462843722761305
37,0.0061173495578365124
40,0.006026530322137473
43,0.005135348115830825
46,0.0032850554760971975
49,0.0006161241743566632
52,0.0023187531602592753
55,0.0
