Time (Months),Probability
1,0.01953910882423564
4,0.01758971724005834
7,0.01690384282126084
10,0.01728317062561379
13,0.017327011708064124
16,0.016857498390445917
19,0.01654913740302689
22,0.017660709132023993
25,0.01886139666275999
28,0.017819799526116356
31,0.014468514449763534
34,0.016087782564476665
37,0.016693369401290615
40,0.019066935491947296
43,0.02114966089962592
46,0.01694853412596094
49,0.016637674258930715
52,0.0162510977456771
55,0.01963837206205467
