Time (Months),Probability
1,0.057044075645277914
4,0.01647747900743722
7,0.0797090176836186
10,0.012094441490714848
13,0.036350559140383855
16,0.01986524780691817
19,0.006121902757212255
22,0.023043050971113484
25,0.0007073867656754773
28,0.002127911357622434
31,0.004118747392830467
34,0.0027137528035490388
37,0.03160544175138121
40,0.0011197993336276707
43,0.0013040257619183866
46,0.03893049366405232
49,0.0
52,0.0
55,0.0
