Time (Months),Probability
1,0.0
4,0.0
7,0.00033550534378065037
10,0.0
13,0.0
16,0.0
19,0.2207542294478355
22,0.0022102373819785867
25,0.0
28,0.0
31,0.0045495391550820635
34,0.0
37,0.0
40,0.028829693933428338
43,0.0
46,0.0
49,0.07665412807122819
52,0.0
55,0.0
